Country Name,Total Population,Population living in slums (% of urban population),Population in urban agglomerations of more than 1 million (% of total population),GDP (current US$)
World,7591945271,29.24449604,24.00998022,86439423191636
North America,363809186,0,46.28594891,22303646726082
Middle East,448912962,24.06972088,25.9764785,3566140736119
Latin America,640467174,20.75624895,38.07903702,5823558182038
